test_rmse,fit_time,test_time
1.0193609379700035,2.1356705029805503,0.11215877532958984
1.019682599836584,10.15344762802124,0.14333589871724448
1.0197195756557538,0.17585317293802896,0.09057060877482097
1.0664600475151864,10.321224133173624,0.1859868367513021
1.1248238895425713,5.288078308105469,0.09471933046976726
1.4509709707977356,0.05388339360555013,0.11737950642903645
